seed,mean_abs_error_C,rmse_C,duty_cycle,max_temperature_C
0,0.16842484063353957,0.40707460823072944,0.24694444444444444,21.190488750498805
1,0.1833055456970225,0.4075134390071855,0.24555555555555555,21.246338801076035
2,0.17387948555781657,0.40962449418486413,0.24638888888888888,21.24796432188714
3,0.18969996568426473,0.41129528262433585,0.24722222222222223,21.254951366211788
4,0.18447989754840752,0.4096464504398356,0.24861111111111112,21.23425045634287
5,0.18370894948786046,0.4118409771802054,0.24805555555555556,21.245486026108477
6,0.17107313840942076,0.4044838344322914,0.2477777777777778,21.209590428653822
7,0.2080203175293178,0.41771422549930753,0.2452777777777778,21.339829132281935
8,0.1911198187425735,0.415794028510426,0.24638888888888888,21.244670451528165
9,0.19483422934985375,0.41202056932942893,0.2475,21.259027621051676
10,0.1742655781058457,0.4053237963531739,0.24722222222222223,21.231594810651625
11,0.19113974365452854,0.41060007985753433,0.24722222222222223,21.28347353017744
12,0.19312038962150407,0.4151815971480503,0.24583333333333332,21.26470295961995
13,0.18605214039877274,0.41490954321566853,0.24722222222222223,21.28161604251941
14,0.18310871478149193,0.4104313771509601,0.24638888888888888,21.210813563919732
15,0.16491560779888198,0.4036429686380145,0.24805555555555556,21.265356760036674
16,0.19645305252031797,0.41447013800655624,0.2452777777777778,21.31272782872294
17,0.17819147198451127,0.41125178223987974,0.24888888888888888,21.226269713665737
18,0.2004934463845545,0.4140448345944177,0.24805555555555556,21.242372046990692
19,0.18017848716551313,0.40517745251516424,0.2475,21.268731271455795
